ProgId,pThreads,Mem_Hits,Mem_Misses,Mem_Latency,L1_Sets,L1_Latency,L1_Hits,L1_Misses,L2_Sets,L2_Latency,L2_Hits,L2_Misses,L3_Hits,L3_Misses,Instructions,InstructionsPerSecond,SimTime,Cycles,CyclesPerSecond,CommittedInstructions,CommittedInstructionsPerCycle,CommittedMicroInstructions,CommittedMicroInstructionsPerCycle,BranchPredictionAccuracy
12,1,0.0,3607.0,200,64,3,96668.0,3607.0,1024,18,2095.0,0,0.0,4077.0,678394,18904,310192.00,1240768,34575,296229,0.2387,498101,0.4014,0.8475
12,1,0.0,3607.0,200,128,3,97302.0,3607.0,1024,25,1127.0,0,0.0,4037.0,676035,19060,311420.00,1245680,35121,296205,0.2378,498061,0.3998,0.8492
12,1,0.0,3606.0,250,64,3,96596.0,3606.0,2048,25,2094.0,0,0.0,4076.0,677691,18352,345757.00,1383028,37452,296221,0.2142,498084,0.3601,0.8476
12,1,0.0,3617.0,250,128,4,93246.0,3617.0,1024,25,1024.0,0,0.0,4044.0,683303,18452,351870.25,1407481,38008,296242,0.2105,498120,0.3539,0.8476
12,1,0.0,3608.0,300,64,4,92711.0,3608.0,2048,25,2089.0,0,0.0,4078.0,682275,17675,388247.25,1552989,40231,296229,0.1907,498101,0.3207,0.8468
12,2,0.0,3606.0,200,64,3,96968.0,3606.0,1024,18,2110.0,0,129.0,4196.0,682584,18880,311958.00,1247832,34515,297654,0.2385,501006,0.4015,0.8472
12,2,0.0,3603.0,200,128,3,97535.0,3603.0,1024,25,1138.0,0,129.0,4154.0,680124,19045,313593.00,1254372,35124,297610,0.2373,500939,0.3994,0.849
12,2,0.0,3606.0,250,64,3,96895.0,3606.0,2048,25,2114.0,0,129.0,4196.0,681849,18273,347534.00,1390136,37254,297631,0.2141,500975,0.3604,0.8474
12,2,0.0,3612.0,250,128,4,93541.0,3612.0,1024,25,1032.0,0,130.0,4163.0,687342,18309,354085.25,1416341,37727,297607,0.2101,500935,0.3537,0.8474
12,2,0.0,3605.0,300,64,4,93045.0,3606.0,2048,25,2102.0,0,128.0,4195.0,686274,17531,389937.25,1559749,39845,297607,0.1908,500935,0.3212,0.8466
12,1,0.0,3617.0,200,64,3,123961.0,3617.0,1024,18,2520.0,0,0.0,4092.0,798851,19198,330263.00,1321052,31747,370243,0.2803,631726,0.4782,0.8625
12,1,0.0,3617.0,200,128,3,124259.0,3617.0,1024,25,1133.0,0,0.0,4053.0,796437,19202,329849.00,1319396,31811,370210,0.2806,631673,0.4788,0.8638
12,1,0.0,3617.0,250,64,3,124001.0,3617.0,2048,25,2517.0,0,0.0,4092.0,797466,18439,366827.00,1467308,33927,370207,0.2523,631669,0.4305,0.8627
12,1,0.0,3627.0,250,128,4,119208.0,3627.0,1024,25,1032.0,0,0.0,4057.0,806669,18822,374800.25,1499201,34981,370207,0.2469,631669,0.4213,0.862
12,1,0.0,3619.0,300,64,4,118991.0,3619.0,2048,25,2512.0,0,0.0,4094.0,805668,17990,413246.25,1652985,36910,370234,0.224,631713,0.3822,0.8612
12,2,0.0,3616.0,200,64,3,123840.0,3616.0,1024,18,2532.0,0,134.0,4219.0,802626,19150,331877.00,1327508,31674,371619,0.2799,634563,0.478,0.8624
12,2,0.0,3615.0,200,128,3,124230.0,3616.0,1024,25,1133.0,0,133.0,4169.0,800425,19250,331528.00,1326112,31893,371643,0.2803,634603,0.4785,0.8636
12,2,0.0,3617.0,250,64,3,123907.0,3617.0,2048,25,2534.0,0,134.0,4220.0,801381,18378,368365.00,1473460,33790,371619,0.2522,634563,0.4307,0.8625
12,2,0.0,3620.0,250,128,4,119208.0,3620.0,1024,25,1040.0,0,134.0,4177.0,810843,18566,376336.25,1505345,34467,371619,0.2469,634563,0.4215,0.8617
12,2,0.0,3617.0,300,64,4,118954.0,3617.0,2048,25,2529.0,0,134.0,4220.0,809437,17749,414639.25,1658557,36368,371619,0.2241,634563,0.3826,0.8611
12,4,0.0,3656.0,200,64,3,124412.0,3657.0,1024,18,2587.0,0,289.0,4309.0,812364,19110,334792.00,1339168,31502,374732,0.2798,640855,0.4785,0.8615
12,4,0.0,3656.0,200,128,3,124794.0,3656.0,1024,25,1164.0,0,291.0,4239.0,809763,19133,334343.00,1337372,31599,374729,0.2802,640851,0.4792,0.8628
12,4,0.0,3655.0,250,64,3,124492.0,3657.0,2048,25,2591.0,0,281.0,4307.0,812074,18256,371938.00,1487752,33445,374732,0.2519,640855,0.4308,0.8616
12,4,0.0,3662.0,250,128,4,119808.0,3663.0,1024,25,1068.0,0,289.0,4254.0,821129,18601,379651.25,1518605,34401,374756,0.2468,640895,0.422,0.8608
12,4,0.0,3654.0,300,64,4,119542.0,3656.0,2048,25,2574.0,0,285.0,4297.0,819795,17844,418604.25,1674417,36446,374725,0.2238,640839,0.3827,0.8603
12,1,0.0,3613.0,200,64,3,239725.0,4586.0,1024,18,4283.0,0,0.0,4117.0,1322303,19301,414589.00,1658356,24207,685755,0.4135,1200158,0.7237,0.888
12,1,0.0,3618.0,200,128,3,239939.0,3618.0,1024,25,1009.0,0,0.0,4042.0,1323707,19540,405102.00,1620408,23920,685776,0.4232,1200194,0.7407,0.8887
12,1,0.0,3612.0,250,64,3,240358.0,4584.0,2048,25,4282.0,0,0.0,4116.0,1321936,19003,454799.00,1819196,26151,685752,0.377,1200154,0.6597,0.888
12,1,0.0,3624.0,250,128,4,229853.0,3624.0,1024,25,1051.0,0,0.0,4057.0,1346969,19151,469597.25,1878389,26707,685789,0.3651,1200213,0.639,0.8863
12,1,0.0,3615.0,300,64,4,230583.0,4590.0,2048,25,4287.0,0,0.0,4118.0,1339969,18462,516739.25,2066957,28478,685776,0.3318,1200194,0.5807,0.8861
12,2,0.0,3637.0,200,64,3,237023.0,4688.0,1024,18,4308.0,0,145.0,4282.0,1327100,19326,415976.00,1663904,24230,687330,0.4131,1203338,0.7232,0.8878
12,2,0.0,3643.0,200,128,3,237118.0,3644.0,1024,25,989.0,0,145.0,4211.0,1328570,19766,406471.00,1625884,24189,687324,0.4227,1203330,0.7401,0.8884
12,2,0.0,3637.0,250,64,3,237659.0,4688.0,2048,25,4309.0,0,145.0,4282.0,1327040,18672,456498.00,1825992,25692,687348,0.3764,1203370,0.659,0.8877
12,2,0.0,3645.0,250,128,4,227481.0,3646.0,1024,25,1070.0,0,143.0,4200.0,1351902,19140,470792.25,1883169,26662,687343,0.365,1203357,0.639,0.886
12,2,0.0,3639.0,300,64,4,228193.0,4695.0,2048,25,4314.0,0,145.0,4282.0,1345071,18272,518211.25,2072845,28158,687354,0.3316,1203378,0.5805,0.8858
12,4,0.0,3675.0,200,64,3,236262.0,4696.0,1024,18,4353.0,0,298.0,4353.0,1336661,19159,417739.00,1670956,23951,690458,0.4132,1209658,0.7239,0.8871
12,4,0.0,3680.0,200,128,3,236489.0,3681.0,1024,25,1015.0,0,303.0,4267.0,1337835,19535,408378.00,1633512,23853,690458,0.4227,1209658,0.7405,0.8877
12,4,0.0,3673.0,250,64,3,236894.0,4675.0,2048,25,4349.0,0,303.0,4345.0,1336045,18783,458668.00,1834672,25793,690440,0.3763,1209626,0.6593,0.8871
12,4,0.0,3683.0,250,128,4,226891.0,3698.0,1024,25,1095.0,0,303.0,4276.0,1361251,19308,473061.25,1892245,26839,690437,0.3649,1209622,0.6393,0.8854
12,4,0.0,3675.0,300,64,4,227673.0,4685.0,2048,25,4351.0,0,296.0,4336.0,1354424,18569,520348.25,2081393,28536,690450,0.3317,1209641,0.5812,0.8852
12,8,0.0,3778.0,200,64,3,238820.0,4803.0,1024,18,4474.0,0,640.0,4565.0,1363573,18998,428440.00,1713760,23877,701864,0.4095,1232802,0.7194,0.8867
12,8,0.0,3778.0,200,128,3,239061.0,3789.0,1024,25,1055.0,0,639.0,4440.0,1365053,19406,418480.00,1673920,23797,701864,0.4193,1232802,0.7365,0.8873
12,8,0.0,3777.0,250,64,3,239453.0,4801.0,2048,25,4482.0,0,640.0,4555.0,1363741,18859,470254.00,1881016,26012,701864,0.3731,1232802,0.6554,0.8867
12,8,0.0,3784.0,250,128,4,229584.0,3786.0,1024,25,1175.0,0,645.0,4459.0,1389119,18863,485244.25,1940977,26356,701864,0.3616,1232802,0.6351,0.885
12,8,0.0,3783.0,300,64,4,230312.0,4777.0,2048,25,4476.0,0,645.0,4537.0,1382239,17992,533793.25,2135173,27792,701864,0.3287,1232802,0.5774,0.8848
12,16,0.0,4012.0,200,64,3,104207.0,4019.0,1024,18,2095.0,0,1491.0,4940.0,868496,17566,348882.00,1395528,28225,429501,0.3078,779706,0.5587,0.8508
12,1,0.0,3685.0,200,64,3,137229.0,3685.0,1024,18,1744.0,0,0.0,4210.0,777136,18193,338625.00,1354500,31710,389660,0.2877,699061,0.5161,0.8473
12,1,0.0,3681.0,200,128,3,137982.0,3681.0,1024,25,999.0,0,0.0,4120.0,774257,18195,340438.00,1361752,32002,389652,0.2861,699044,0.5133,0.849
12,1,0.0,3684.0,250,64,3,137114.0,3684.0,2048,25,1741.0,0,0.0,4209.0,776620,17683,374783.00,1499132,34135,389636,0.2599,699021,0.4663,0.8475
12,1,0.0,3688.0,250,128,4,129994.0,3688.0,1024,25,944.0,0,0.0,4122.0,779018,17634,387107.25,1548429,35051,389636,0.2516,699021,0.4514,0.8481
12,1,0.0,3685.0,300,64,4,129409.0,3685.0,2048,25,1739.0,0,0.0,4209.0,779296,16966,424325.25,1697301,36952,389636,0.2296,699021,0.4118,0.8472
12,2,0.0,3707.0,200,64,3,113658.0,3707.0,1024,18,1762.0,0,180.0,4368.0,782039,18091,328343.00,1313372,30382,391232,0.2979,702237,0.5347,0.8468
12,2,0.0,3705.0,200,128,3,114411.0,3706.0,1024,25,1016.0,0,178.0,4292.0,779386,18216,331134.00,1324536,30958,391244,0.2954,702254,0.5302,0.8485
12,2,0.0,3704.0,250,64,3,113539.0,3704.0,2048,25,1759.0,0,178.0,4361.0,781547,17567,364470.00,1457880,32770,391208,0.2683,702197,0.4817,0.847
12,2,0.0,3713.0,250,128,4,108581.0,3713.0,1024,25,945.0,0,180.0,4299.0,784180,17629,374261.25,1497045,33654,391224,0.2613,702220,0.4691,0.8477
12,2,0.0,3706.0,300,64,4,107958.0,3706.0,2048,25,1757.0,0,180.0,4368.0,784281,17147,410587.25,1642349,35907,391211,0.2382,702201,0.4276,0.8467
12,4,0.0,3761.0,200,64,3,102834.0,3761.0,1024,18,1801.0,0,364.0,4453.0,792904,18051,326743.00,1306972,29753,395162,0.3023,710067,0.5433,0.8459
12,4,0.0,3759.0,200,128,3,103594.0,3760.0,1024,25,1031.0,0,365.0,4373.0,790070,18084,329569.00,1318276,30174,395222,0.2998,710169,0.5387,0.8476
12,4,0.0,3761.0,250,64,3,102731.0,3761.0,2048,25,1799.0,0,362.0,4449.0,792437,17509,363067.00,1452268,32087,395198,0.2721,710129,0.489,0.8461
12,4,0.0,3767.0,250,128,4,98836.0,3767.0,1024,25,957.0,0,363.0,4382.0,794950,17575,371323.25,1485293,32837,395198,0.2661,710129,0.4781,0.8467
12,4,0.0,3764.0,300,64,4,98225.0,3764.0,2048,25,1798.0,0,361.0,4450.0,796601,16912,407800.25,1631201,34631,395198,0.2423,710129,0.4353,0.8458
12,8,0.0,3868.0,200,64,3,100377.0,3873.0,1024,18,1944.0,0,753.0,4625.0,818850,17872,330967.00,1323868,28894,406670,0.3072,733384,0.554,0.8473
12,8,0.0,3861.0,200,128,3,101226.0,3862.0,1024,25,1081.0,0,741.0,4508.0,816551,17943,332392.00,1329568,29215,406600,0.3058,733268,0.5515,0.8489
12,8,0.0,3864.0,250,64,3,100274.0,3864.0,2048,25,1940.0,0,748.0,4615.0,819967,17228,368470.00,1473880,30967,406562,0.2758,733202,0.4975,0.8472
12,8,0.0,3871.0,250,128,4,96984.0,3871.0,1024,25,1016.0,0,743.0,4507.0,822212,17360,374686.25,1498745,31643,406605,0.2713,733275,0.4893,0.8478
12,8,0.0,3867.0,300,64,4,96329.0,3867.0,2048,25,1940.0,0,747.0,4617.0,822777,16743,413947.25,1655789,33695,406624,0.2456,733308,0.4429,0.847
12,16,0.0,4247.0,200,64,3,129844.0,4510.0,1024,18,2330.0,0,2326.0,5466.0,1710274,15781,386102.00,1544408,14250,1211633,0.7845,2404235,1.557,0.884
12,16,0.0,4242.0,200,128,3,131280.0,4242.0,1024,25,1111.0,0,2338.0,5196.0,1711040,15714,386796.00,1547184,14209,1211570,0.7831,2404130,1.554,0.8844
12,16,0.0,4248.0,250,64,3,129866.0,4503.0,2048,25,2325.0,0,2325.0,5465.0,1710600,15615,429459.00,1717836,15681,1211582,0.7053,2404146,1.4,0.884
12,16,0.0,4256.0,250,128,4,125575.0,4260.0,1024,25,1246.0,0,2343.0,5237.0,1716394,15622,438843.25,1755373,15976,1211589,0.6902,2404163,1.37,0.884
12,16,0.0,4252.0,300,64,4,124489.0,4497.0,2048,25,2324.0,0,2338.0,5458.0,1720912,15207,483452.25,1933809,17088,1211637,0.6266,2404241,1.243,0.8836
12,1,0.0,3941.0,200,64,3,466545.0,3941.0,1024,18,1952.0,0,0.0,4794.0,1623731,15746,548488.00,2193952,21276,1172674,0.5345,2325239,1.06,0.8857
12,1,0.0,3933.0,200,128,3,468036.0,3933.0,1024,25,1030.0,0,0.0,4525.0,1624153,15964,548221.00,2192884,21554,1172674,0.5348,2325239,1.06,0.8859
12,1,0.0,3942.0,250,64,3,466534.0,3942.0,2048,25,1955.0,0,0.0,4795.0,1624468,15680,590149.00,2360596,22785,1172662,0.4968,2325217,0.985,0.8855
12,1,0.0,3945.0,250,128,4,430999.0,3945.0,1024,25,1088.0,0,0.0,4544.0,1627235,15359,651771.25,2607085,24607,1172698,0.4498,2325279,0.8919,0.8856
12,1,0.0,3944.0,300,64,4,430289.0,3944.0,2048,25,1963.0,0,0.0,4797.0,1627106,15100,695437.25,2781749,25816,1172698,0.4216,2325279,0.8359,0.8853
12,32,0.0,4534.0,200,64,3,143990.0,5294.0,1024,18,2829.0,0,4322.0,6198.0,1806706,15112,427416.00,1709664,14300,1257260,0.7354,2496828,1.46,0.8843
12,32,0.0,4533.0,200,128,3,145527.0,4535.0,1024,25,1403.0,0,4331.0,5820.0,1806039,15086,426191.00,1704764,14240,1257330,0.7375,2496944,1.465,0.8846
12,32,0.0,4534.0,250,64,3,144073.0,5299.0,2048,25,2832.0,0,4319.0,6193.0,1807924,15050,475389.00,1901556,15829,1257325,0.6612,2496937,1.313,0.8843
12,32,0.0,4546.0,250,128,4,140121.0,4566.0,1024,25,1505.0,0,4356.0,5846.0,1816413,15062,483538.25,1934153,16039,1257260,0.65,2496828,1.291,0.8842
12,32,0.0,4544.0,300,64,4,138826.0,5298.0,2048,25,2840.0,0,4373.0,6190.0,1823298,14844,535222.25,2140889,17430,1257301,0.5873,2496897,1.166,0.8838
12,4,0.0,3998.0,200,64,3,189269.0,4001.0,1024,18,1911.0,0,625.0,5014.0,1637035,16004,423900.00,1695600,16576,1177390,0.6944,2334763,1.377,0.8844
12,4,0.0,3993.0,200,128,3,190084.0,3993.0,1024,25,1027.0,0,631.0,4793.0,1636695,16293,426296.00,1705184,16975,1177366,0.6905,2334723,1.369,0.8846
12,4,0.0,3997.0,250,64,3,189232.0,3997.0,2048,25,1908.0,0,627.0,5016.0,1637709,15825,464519.00,1858076,17954,1177325,0.6336,2334654,1.256,0.8843
12,4,0.0,4004.0,250,128,4,178055.0,4008.0,1024,25,1089.0,0,633.0,4837.0,1640863,16445,486033.25,1944133,19485,1177320,0.6056,2334618,1.201,0.8843
12,4,0.0,4000.0,300,64,4,177448.0,4002.0,2048,25,1915.0,0,630.0,5019.0,1641692,15482,525816.25,2103265,19835,1177289,0.5597,2334592,1.11,0.8839
13,16,0.0,4392.0,200,64,3,187787.0,48128.0,1024,18,2668.0,0,9947.0,12512.0,3598342,10711,533184.00,2132736,6349,2766633,1.297,4702723,2.205,0.9452
13,16,0.0,4391.0,200,128,3,185465.0,50927.0,1024,25,1409.0,0,10143.0,12941.0,3786537,11066,546019.00,2184076,6383,2949492,1.35,4975406,2.278,0.9485
13,16,0.0,4394.0,250,64,3,190697.0,50089.0,2048,25,2652.0,0,10177.0,12941.0,3960015,11329,585540.00,2342160,6701,3115678,1.33,5228953,2.233,0.951
13,16,0.0,4400.0,250,128,4,167754.0,49612.0,1024,25,1370.0,0,9871.0,12546.0,3764507,11603,594245.25,2376981,7326,2921089,1.229,4938015,2.077,0.948
13,16,0.0,4394.0,300,64,4,163912.0,49399.0,2048,25,2663.0,0,10169.0,12846.0,4028718,11106,637264.25,2549057,7027,3168214,1.243,5315312,2.085,0.9513
13,1,0.0,3978.0,200,64,3,336062.0,3978.0,1024,18,2172.0,0,0.0,4614.0,1447552,14946,461907.00,1847628,19077,949419,0.5139,1711420,0.9263,0.8674
13,1,0.0,3980.0,200,128,3,336966.0,3980.0,1024,25,1090.0,0,0.0,4446.0,1446067,15087,461876.00,1847504,19275,949487,0.5139,1711533,0.9264,0.8682
13,1,0.0,3977.0,250,64,3,336078.0,3977.0,2048,25,2169.0,0,0.0,4613.0,1447210,14894,502446.00,2009784,20684,949482,0.4724,1711524,0.8516,0.8675
13,1,0.0,3988.0,250,128,4,329208.0,3988.0,1024,25,1093.0,0,0.0,4468.0,1440033,14382,530658.25,2122633,21199,949427,0.4473,1711431,0.8063,0.868
13,1,0.0,3984.0,300,64,4,328282.0,3984.0,2048,25,2169.0,0,0.0,4619.0,1440169,14307,572651.25,2290605,22755,949425,0.4145,1711427,0.7472,0.8674
13,2,0.0,4026.0,200,64,3,226184.0,4219.0,1024,18,2284.0,0,738.0,5121.0,1493904,14867,415268.00,1661072,16530,979423,0.5896,1767960,1.064,0.87
13,2,0.0,4033.0,200,128,3,229944.0,4071.0,1024,25,1223.0,0,739.0,5039.0,1498877,14957,417430.00,1669720,16662,985280,0.5901,1778001,1.065,0.8718
13,2,0.0,4027.0,250,64,3,225874.0,4202.0,2048,25,2282.0,0,735.0,5135.0,1493797,14818,455202.00,1820808,18062,979085,0.5377,1767388,0.9707,0.8699
13,2,0.0,4040.0,250,128,4,220363.0,4110.0,1024,25,1201.0,0,738.0,5052.0,1491504,14856,473634.25,1894537,18870,983025,0.5189,1774137,0.9364,0.8711
13,2,0.0,4034.0,300,64,4,217947.0,4215.0,2048,25,2291.0,0,738.0,5173.0,1485521,14480,513437.25,2053749,20018,977059,0.4757,1763907,0.8589,0.8693
13,32,0.0,4747.0,200,64,3,249343.0,123765.0,1024,18,3320.0,0,23587.0,16256.0,7835929,9014,640327.00,2561308,2947,6481429,2.531,10714832,4.183,0.964
13,32,0.0,4747.0,200,128,3,278518.0,130003.0,1024,25,1866.0,0,23453.0,16040.0,8017877,9028,652747.00,2610988,2940,6664928,2.553,10977663,4.204,0.9651
13,4,0.0,4085.0,200,64,3,248701.0,4940.0,1024,18,2386.0,0,1913.0,5827.0,1960648,15024,424771.00,1699084,13020,1413374,0.8318,2459839,1.448,0.9175
13,4,0.0,4090.0,200,128,3,256535.0,4682.0,1024,25,1273.0,0,1924.0,5773.0,1985653,15602,429296.00,1717184,13492,1440157,0.8387,2503011,1.458,0.9201
13,4,0.0,4082.0,250,64,3,248628.0,4911.0,2048,25,2387.0,0,1929.0,5855.0,1963843,14884,466193.00,1864772,14133,1416949,0.7599,2464736,1.322,0.9179
13,4,0.0,4092.0,250,128,4,217288.0,4695.0,1024,25,1266.0,0,1914.0,5691.0,1953863,14070,479576.25,1918305,13814,1406011,0.7329,2448523,1.276,0.9171
13,4,0.0,4088.0,300,64,4,212942.0,4842.0,2048,25,2390.0,0,1909.0,5780.0,1940935,14523,518746.25,2074985,15526,1390361,0.6701,2422713,1.168,0.9151
13,8,0.0,4219.0,200,64,3,208865.0,10868.0,1024,18,2537.0,0,4414.0,7762.0,2201816,13125,447436.00,1789744,10669,1567928,0.8761,2749194,1.536,0.9176
13,8,0.0,4223.0,200,128,3,213528.0,11581.0,1024,25,1332.0,0,4455.0,7798.0,2151974,13489,452670.00,1810680,11350,1517792,0.8382,2672139,1.476,0.9146
13,8,0.0,4218.0,250,64,3,212233.0,11351.0,2048,25,2536.0,0,4467.0,7827.0,2223033,13115,491506.00,1966024,11599,1587311,0.8074,2780556,1.414,0.9191
13,8,0.0,4224.0,250,128,4,187797.0,11621.0,1024,25,1297.0,0,4450.0,7746.0,2178790,13430,503820.25,2015281,12422,1538341,0.7633,2700441,1.34,0.9155
13,8,0.0,4220.0,300,64,4,180118.0,11505.0,2048,25,2535.0,0,4453.0,7919.0,2234420,13122,544674.25,2178697,12795,1591912,0.7307,2783758,1.278,0.9188
13,1,0.0,4319.0,200,64,3,1020369.0,14235.0,1024,18,12063.0,0,0.0,14914.0,3370003,15970,1051969.00,4207876,19940,2798395,0.665,5168741,1.228,0.9093
13,1,0.0,4318.0,200,128,3,1019703.0,9647.0,1024,25,7122.0,0,0.0,10821.0,3372147,16339,984952.00,3939808,19090,2798400,0.7103,5168748,1.312,0.9095
13,1,0.0,4319.0,250,64,3,1020360.0,14234.0,2048,25,12061.0,0,0.0,14914.0,3370282,15799,1136519.00,4546076,21311,2798359,0.6156,5168679,1.137,0.9093
13,1,0.0,4328.0,250,128,4,997060.0,7493.0,1024,25,4963.0,0,0.0,8642.0,3356816,16503,1078393.25,4313573,21206,2798330,0.6487,5168632,1.198,0.9095
13,1,0.0,4325.0,300,64,4,989544.0,14239.0,2048,25,12058.0,0,0.0,14920.0,3354740,15707,1293133.25,5172533,24218,2798407,0.541,5168758,0.9993,0.9095
13,2,0.0,4370.0,200,64,3,583473.0,7220.0,1024,18,4879.0,0,1025.0,7906.0,3452261,16769,660686.00,2642744,12837,2860794,1.083,5281093,1.998,0.9121
13,2,0.0,4366.0,200,128,3,604393.0,4366.0,1024,25,1356.0,0,1029.0,5470.0,3501660,17156,618762.00,2475048,12126,2908254,1.175,5362445,2.167,0.916
13,2,0.0,4367.0,250,64,3,587120.0,7216.0,2048,25,4882.0,0,1024.0,7913.0,3460855,16659,713478.00,2853912,13737,2869248,1.005,5295586,1.856,0.9128
13,2,0.0,4375.0,250,128,4,555057.0,4453.0,1024,25,1385.0,0,1044.0,5536.0,3400491,16703,705022.25,2820089,13852,2825819,1.002,5221127,1.851,0.9096
13,2,0.0,4373.0,300,64,4,562947.0,7226.0,2048,25,4882.0,0,1026.0,7928.0,3439668,16200,812525.25,3250101,15307,2864933,0.8815,5288190,1.627,0.9126
13,4,0.0,4424.0,200,64,3,774203.0,5328.0,1024,18,2992.0,0,2326.0,6183.0,5693859,14715,623112.00,2492448,6442,5076728,2.037,8748674,3.51,0.9696
13,4,0.0,4418.0,200,128,3,648046.0,5073.0,1024,25,1387.0,0,2315.0,5903.0,5050223,14689,591344.00,2365376,6880,4439972,1.877,7752298,3.277,0.9628
13,4,0.0,4424.0,250,64,3,809836.0,5324.0,2048,25,2999.0,0,2324.0,6210.0,5873948,14741,675509.00,2702036,6781,5257182,1.946,9029813,3.342,0.9712
13,1,0.0,5870.0,200,64,3,3747779.0,44117.0,1024,18,40422.0,0,0.0,45972.0,10916746,14769,3181492.00,12725968,17217,10177608,0.7998,18970556,1.491,0.9548
13,1,0.0,5867.0,200,128,3,3748691.0,43562.0,1024,25,39491.0,0,0.0,45697.0,10917200,14885,3337527.00,13350108,18203,10177551,0.7624,18970458,1.421,0.9549
5,16,0.0,5659.0,200,64,3,637443.0,8216.0,1024,18,1875.0,0,11608.0,11659.0,6010257,15126,940393.00,3761572,9467,3821213,1.016,8092093,2.151,0.8621
5,16,0.0,5666.0,200,128,3,638035.0,8095.0,1024,25,1241.0,0,11297.0,11222.0,5895277,14949,954981.00,3819924,9687,3820886,1,8091368,2.118,0.8678
5,16,0.0,5665.0,250,64,3,637361.0,7396.0,2048,25,1867.0,0,11512.0,11741.0,6011311,15034,999121.00,3996484,9995,3819990,0.9558,8089343,2.024,0.8623
5,16,0.0,5664.0,250,128,4,629792.0,7267.0,1024,25,1217.0,0,11476.0,11110.0,6021059,14906,1083019.25,4332077,10725,3820828,0.882,8091014,1.868,0.8606
5,16,0.0,5665.0,300,64,4,629816.0,8029.0,2048,25,1862.0,0,11868.0,11739.0,6152820,15005,1129696.25,4518785,11020,3822013,0.8458,8093447,1.791,0.8545
5,1,0.0,4455.0,200,64,3,1095251.0,11911.0,1024,18,8821.0,0,0.0,11748.0,5368717,16746,1377367.00,5509468,17185,3616356,0.6564,7716865,1.401,0.8847
5,1,0.0,4452.0,200,128,3,1095370.0,11840.0,1024,25,8519.0,0,0.0,11564.0,5366148,16267,1411270.00,5645080,17113,3616470,0.6406,7717007,1.367,0.885
5,1,0.0,4455.0,250,64,3,1095253.0,11911.0,2048,25,8821.0,0,0.0,11748.0,5368872,16434,1458859.00,5835436,17863,3616382,0.6197,7716903,1.322,0.8847
5,1,0.0,4462.0,250,128,4,1070481.0,11841.0,1024,25,8543.0,0,0.0,11565.0,5291954,16007,1618332.25,6473329,19580,3616362,0.5587,7716873,1.192,0.8904
5,1,0.0,4456.0,300,64,4,1070392.0,11915.0,2048,25,8827.0,0,0.0,11749.0,5291226,15850,1669323.25,6677293,20002,3616336,0.5416,7716831,1.156,0.8905
5,2,0.0,4669.0,200,64,3,1088556.0,12356.0,1024,18,9370.0,0,0.0,12117.0,5503526,16167,1309070.00,5236280,15382,3627383,0.6927,7736169,1.477,0.8765
5,2,0.0,4670.0,200,128,3,1088966.0,12111.0,1024,25,8838.0,0,0.0,11908.0,5497647,15856,1341099.00,5364396,15472,3627421,0.6762,7736223,1.442,0.8766
5,2,0.0,4668.0,250,64,3,1088668.0,12349.0,2048,25,9373.0,0,0.0,12111.0,5500358,16521,1392430.00,5569720,16729,3627435,0.6513,7736249,1.389,0.8761
5,2,0.0,4674.0,250,128,4,1065177.0,12135.0,1024,25,8860.0,0,0.0,11924.0,5653845,15969,1541000.25,6164001,17410,3627441,0.5885,7736257,1.255,0.8663
5,2,0.0,4669.0,300,64,4,1065164.0,12360.0,2048,25,9388.0,0,0.0,12118.0,5660902,16835,1595590.25,6382361,18980,3627415,0.5684,7736215,1.212,0.8661
5,32,0.0,6674.0,200,64,3,614426.0,10363.0,1024,18,1785.0,0,21307.0,12063.0,6523743,14071,1028549.00,4114196,8874,4117345,1.001,8660359,2.105,0.8634
5,32,0.0,6679.0,200,128,3,614567.0,12729.0,1024,25,1110.0,0,22148.0,11744.0,6526858,13623,1045675.00,4182700,8730,4119340,0.9849,8664548,2.072,0.8643
5,32,0.0,6678.0,250,64,3,614118.0,10045.0,2048,25,1650.0,0,20985.0,12194.0,6535219,14066,1076968.00,4307872,9272,4101041,0.952,8631568,2.004,0.8612
5,32,0.0,6685.0,250,128,4,607369.0,12464.0,1024,25,1130.0,0,22119.0,11961.0,6658247,13625,1167907.25,4671629,9560,4119764,0.8819,8665690,1.855,0.8575
5,32,0.0,6670.0,300,64,4,607357.0,11966.0,2048,25,1657.0,0,21772.0,12016.0,6629950,13580,1208879.25,4835517,9905,4113267,0.8506,8653660,1.79,0.86
5,4,0.0,4847.0,200,64,3,827820.0,8522.0,1024,18,4755.0,0,4095.0,12502.0,5571624,16343,1142376.00,4569504,13403,3650301,0.7988,7776707,1.702,0.8733
5,4,0.0,4858.0,200,128,3,828106.0,8179.0,1024,25,3969.0,0,4111.0,12032.0,5562300,15354,1156791.00,4627164,12772,3650369,0.7889,7776834,1.681,0.8739
5,4,0.0,4854.0,250,64,3,827336.0,8521.0,2048,25,4727.0,0,4103.0,12525.0,5581503,15797,1209341.00,4837364,13691,3650323,0.7546,7776731,1.608,0.8731
5,4,0.0,4850.0,250,128,4,812951.0,8178.0,1024,25,4039.0,0,4073.0,12034.0,5676374,16317,1310640.25,5242561,15070,3650064,0.6962,7776217,1.483,0.8661
5,4,0.0,4849.0,300,64,4,812864.0,8491.0,2048,25,4740.0,0,4089.0,12494.0,5690144,15448,1369477.25,5477909,14872,3650128,0.6663,7776321,1.42,0.8656
5,8,0.0,5145.0,200,64,3,698520.0,6378.0,1024,18,2696.0,0,7361.0,11747.0,5628269,15268,984380.00,3937520,10682,3702095,0.9402,7870151,1.999,0.8741
5,8,0.0,5144.0,200,128,3,699300.0,5903.0,1024,25,1952.0,0,7154.0,11016.0,5532138,14485,989996.00,3959984,10369,3702305,0.9349,7870492,1.988,0.8786
5,8,0.0,5140.0,250,64,3,698259.0,6413.0,2048,25,2706.0,0,7362.0,11799.0,5647031,14719,1041364.00,4165456,10857,3702178,0.8888,7870294,1.889,0.8734
5,8,0.0,5151.0,250,128,4,688351.0,6027.0,1024,25,1996.0,0,7295.0,11158.0,5619605,15066,1127334.25,4509337,12089,3703047,0.8212,7872144,1.746,0.8726
5,8,0.0,5141.0,300,64,4,688630.0,6228.0,2048,25,2693.0,0,7165.0,11632.0,5757478,14759,1176221.25,4704885,12061,3702141,0.7869,7870198,1.673,0.8664
5,16,0.0,3207.0,200,64,3,174342.0,5286.0,1024,18,1189.0,0,8223.0,5584.0,1882958,14066,383556.00,1534224,11461,1073196,0.6995,2217524,1.445,0.8406
5,16,0.0,3210.0,200,128,3,174577.0,5057.0,1024,25,749.0,0,8019.0,5448.0,1886151,14908,384726.00,1538904,12164,1072426,0.6969,2215605,1.44,0.8402
5,16,0.0,3208.0,250,64,3,174201.0,5209.0,2048,25,1180.0,0,8208.0,5498.0,1881580,13649,407232.00,1628928,11816,1071053,0.6575,2213781,1.359,0.8404
5,16,0.0,3210.0,250,128,4,172656.0,5066.0,1024,25,723.0,0,8245.0,5472.0,1899442,14181,429046.25,1716185,12813,1072491,0.6249,2215393,1.291,0.8396
5,16,0.0,3207.0,300,64,4,172208.0,4664.0,2048,25,1208.0,0,7911.0,5508.0,1911342,13678,446991.25,1787965,12795,1072339,0.5998,2215671,1.239,0.8367
5,1,0.0,2120.0,200,64,3,264866.0,3333.0,1024,18,2551.0,0,0.0,3951.0,1370816,15941,383669.00,1534676,17846,881601,0.5745,1862272,1.213,0.8746
5,1,0.0,2125.0,200,128,3,266015.0,2424.0,1024,25,1411.0,0,0.0,3265.0,1371400,16944,374523.00,1498092,18510,881653,0.5885,1862352,1.243,0.8748
5,1,0.0,2120.0,250,64,3,264847.0,3333.0,2048,25,2551.0,0,0.0,3951.0,1370908,16302,409941.00,1639764,19499,881601,0.5376,1862272,1.136,0.8746
5,1,0.0,2125.0,250,128,4,260338.0,2312.0,1024,25,1309.0,0,0.0,3173.0,1371034,16536,427839.25,1711357,20640,881653,0.5152,1862352,1.088,0.8749
5,1,0.0,2123.0,300,64,4,259297.0,3339.0,2048,25,2552.0,0,0.0,3952.0,1377571,15732,467835.25,1871341,21370,881653,0.4711,1862352,0.9952,0.8733
5,2,0.0,2323.0,200,64,3,267539.0,3522.0,1024,18,2872.0,0,0.0,4255.0,1428637,16760,374312.00,1497248,17564,891554,0.5955,1879981,1.256,0.8606
5,2,0.0,2325.0,200,128,3,269312.0,2491.0,1024,25,1538.0,0,0.0,3488.0,1423561,16997,363062.00,1452248,17339,891506,0.6139,1879896,1.294,0.8617
5,2,0.0,2325.0,250,64,3,267498.0,3526.0,2048,25,2876.0,0,0.0,4258.0,1431912,15907,402347.00,1609388,17878,891466,0.5539,1879849,1.168,0.8602
5,2,0.0,2332.0,250,128,4,263439.0,2565.0,1024,25,1606.0,0,0.0,3547.0,1470467,16696,418349.25,1673397,19000,891448,0.5327,1879808,1.123,0.8519
5,2,0.0,2327.0,300,64,4,261914.0,3530.0,2048,25,2882.0,0,0.0,4259.0,1467135,15603,458540.25,1834161,19506,891482,0.486,1879877,1.025,0.8526
5,32,0.0,4092.0,200,64,3,178099.0,9035.0,1024,18,1368.0,0,15503.0,6582.0,2321537,12432,488189.00,1952756,10457,1339088,0.6857,2737758,1.402,0.8595
5,32,0.0,4083.0,200,128,3,178291.0,9376.0,1024,25,820.0,0,15287.0,6241.0,2351830,12333,491010.00,1964040,10299,1329076,0.6767,2720482,1.385,0.8593
5,32,0.0,4106.0,250,64,3,177818.0,9421.0,2048,25,1376.0,0,15433.0,6703.0,2341492,12135,522185.00,2088740,10825,1341249,0.6421,2741099,1.312,0.8586
5,32,0.0,4087.0,250,128,4,175729.0,9675.0,1024,25,783.0,0,15544.0,5866.0,2322678,11774,541195.25,2164781,10974,1330952,0.6148,2724109,1.258,0.8576
5,32,0.0,4098.0,300,64,4,176415.0,9849.0,2048,25,1357.0,0,15803.0,6456.0,2375654,12209,576270.25,2305081,11846,1347972,0.5848,2754149,1.195,0.8572
5,4,0.0,2490.0,200,64,3,210955.0,2878.0,1024,18,1725.0,0,1627.0,4868.0,1470202,15118,351334.00,1405336,14451,911797,0.6488,1916422,1.364,0.8586
5,4,0.0,2491.0,200,128,3,211443.0,2630.0,1024,25,1154.0,0,1637.0,4581.0,1466815,15252,351999.00,1407996,14640,911731,0.6475,1916245,1.361,0.8593
5,4,0.0,2487.0,250,64,3,210838.0,2893.0,2048,25,1756.0,0,1646.0,4892.0,1470579,15320,377419.00,1509676,15728,911819,0.604,1916476,1.269,0.8589
5,4,0.0,2493.0,250,128,4,207700.0,2727.0,1024,25,1182.0,0,1706.0,4655.0,1496809,15246,402948.25,1611793,16417,912071,0.5659,1917011,1.189,0.8541
5,4,0.0,2477.0,300,64,4,207445.0,2902.0,2048,25,1774.0,0,1643.0,4900.0,1501339,15035,424904.25,1699617,17021,911948,0.5366,1916584,1.128,0.8531
5,8,0.0,2750.0,200,64,3,184528.0,3375.0,1024,18,1207.0,0,3784.0,5048.0,1606669,15214,338735.00,1354940,12830,959777,0.7084,2004554,1.479,0.8463
5,8,0.0,2757.0,200,128,3,184600.0,3002.0,1024,25,751.0,0,3527.0,4667.0,1601024,15192,334298.00,1337192,12689,958474,0.7168,2001908,1.497,0.8468
5,8,0.0,2751.0,250,64,3,184317.0,3274.0,2048,25,1211.0,0,3743.0,5053.0,1615736,15420,362440.00,1449760,13836,959122,0.6616,2003242,1.382,0.8459
5,8,0.0,2754.0,250,128,4,181623.0,3168.0,1024,25,754.0,0,3757.0,4793.0,1660864,15861,385443.25,1541773,14724,958650,0.6218,2002356,1.299,0.8375
5,8,0.0,2750.0,300,64,4,181487.0,3061.0,2048,25,1188.0,0,3719.0,4939.0,1652977,15519,407918.25,1631673,15319,959492,0.588,2003775,1.228,0.8397
9,16,0.0,8895.0,200,64,3,176206.0,15883.0,1024,18,9241.0,0,23445.0,12073.0,3460303,10833,779272.00,3117088,9759,3051925,0.9791,5374360,1.724,0.9786
9,16,0.0,8896.0,200,128,3,183016.0,12078.0,1024,25,4109.0,0,23029.0,9876.0,3456272,11175,733384.00,2933536,9485,3051909,1.04,5374350,1.832,0.9787
9,16,0.0,8893.0,250,64,3,173721.0,15210.0,2048,25,8874.0,0,23229.0,11731.0,3450947,10614,821814.00,3287256,10110,3051139,0.9282,5372801,1.634,0.9788
9,16,0.0,8894.0,250,128,4,164651.0,13526.0,1024,25,4550.0,0,23332.0,10292.0,3457629,10744,816419.25,3265677,10148,3051454,0.9344,5373271,1.645,0.9787
9,16,0.0,8893.0,300,64,4,166459.0,15299.0,2048,25,8369.0,0,23561.0,12133.0,3463308,10308,886356.25,3545425,10552,3051826,0.8608,5374140,1.516,0.9785
9,1,0.0,1512.0,200,64,3,134665.0,1558.0,1024,18,1200.0,0,0.0,2603.0,372912,12886,187200.00,748800,25874,314529,0.42,710045,0.9482,0.9452
9,1,0.0,1515.0,200,128,3,135007.0,1515.0,1024,25,130.0,0,0.0,1673.0,373087,13394,167769.00,671076,24092,314508,0.4687,709996,1.058,0.9455
9,1,0.0,1512.0,250,64,3,134814.0,1558.0,2048,25,1197.0,0,0.0,2603.0,373934,12724,202673.00,810692,27586,314889,0.3884,710689,0.8766,0.9449
9,1,0.0,1513.0,250,128,4,134769.0,1513.0,1024,25,110.0,0,0.0,1599.0,373519,12869,203727.25,814909,28076,314266,0.3856,709647,0.8708,0.9456
9,1,0.0,1510.0,300,64,4,132464.0,1561.0,2048,25,1196.0,0,0.0,2603.0,374971,12186,240466.25,961865,31260,314889,0.3274,710689,0.7389,0.9448
9,2,0.0,2088.0,200,64,3,176594.0,4084.0,1024,18,3415.0,0,0.0,4815.0,553695,12350,288032.00,1152128,25698,469242,0.4073,966596,0.839,0.9589
9,2,0.0,2097.0,200,128,3,179237.0,2703.0,1024,25,1770.0,0,0.0,4005.0,553348,12905,273522.00,1094088,25516,469175,0.4288,966444,0.8833,0.9595
9,2,0.0,2089.0,250,64,3,176562.0,4068.0,2048,25,3398.0,0,0.0,4813.0,554206,12063,316644.00,1266576,27569,469094,0.3704,966269,0.7629,0.9586
9,2,0.0,2093.0,250,128,4,171008.0,2892.0,1024,25,1967.0,0,0.0,4104.0,554854,12301,319910.25,1279641,28369,469083,0.3666,966260,0.7551,0.9591
9,2,0.0,2090.0,300,64,4,168634.0,4056.0,2048,25,3382.0,0,0.0,4853.0,555449,11511,361201.25,1444805,29941,469077,0.3247,966253,0.6688,0.9587
9,32,0.0,16730.0,200,128,3,214053.0,32207.0,1024,25,4532.0,0,50694.0,12948.0,7052655,12116,1022253.00,4089012,7024,6276625,1.535,10928020,2.673,0.9807
9,4,0.0,3066.0,200,64,3,150902.0,19414.0,1024,18,12981.0,0,4063.0,10395.0,936825,10043,596035.00,2384140,25560,805006,0.3377,1532583,0.6428,0.969
9,4,0.0,3069.0,200,128,3,156240.0,7364.0,1024,25,3308.0,0,4051.0,7323.0,935064,11112,477510.00,1910040,22698,804678,0.4213,1531854,0.802,0.9694
9,4,0.0,3067.0,250,64,3,150695.0,18718.0,2048,25,12426.0,0,4052.0,10192.0,937530,9698,647850.00,2591400,26807,805202,0.3107,1532987,0.5916,0.9689
9,4,0.0,3065.0,250,128,4,151515.0,7839.0,1024,25,3566.0,0,4156.0,7322.0,936394,10637,529547.25,2118189,24062,805113,0.3801,1532864,0.7237,0.9694
9,4,0.0,3065.0,300,64,4,145248.0,18340.0,2048,25,12016.0,0,4166.0,10096.0,936791,9481,685956.25,2743825,27770,805189,0.2935,1532983,0.5587,0.9692
9,8,0.0,5006.0,200,64,3,153897.0,13242.0,1024,18,7677.0,0,10774.0,10651.0,1746060,10889,604634.00,2418536,15083,1525808,0.6309,2759863,1.141,0.9752
9,8,0.0,5016.0,200,128,3,155817.0,9159.0,1024,25,3733.0,0,10741.0,9016.0,1750338,11028,582389.00,2329556,14677,1524949,0.6546,2758003,1.184,0.9751
9,8,0.0,5008.0,250,64,3,154350.0,13643.0,2048,25,7920.0,0,10709.0,10883.0,1750984,10541,654400.00,2617600,15759,1525881,0.5829,2760060,1.054,0.9748
9,8,0.0,5008.0,250,128,4,153074.0,9229.0,1024,25,3906.0,0,10674.0,8889.0,1748573,10768,645167.25,2580669,15892,1525181,0.591,2758584,1.069,0.9751
9,8,0.0,5008.0,300,64,4,153076.0,13847.0,2048,25,8089.0,0,10730.0,10677.0,1754359,10217,724938.25,2899753,16887,1525797,0.5262,2759861,0.9518,0.9748
9,16,0.0,8856.0,200,64,3,169749.0,15357.0,1024,18,9139.0,0,22499.0,11563.0,3352879,9080,753814.00,3015256,8165,2948560,0.9779,5108167,1.694,0.9786
9,16,0.0,8858.0,200,128,3,177556.0,13128.0,1024,25,3974.0,0,22837.0,10210.0,3362422,9061,730214.00,2920856,7871,2955149,1.012,5121795,1.754,0.9784
9,16,0.0,8859.0,250,64,3,168125.0,15733.0,2048,25,9188.0,0,22201.0,11866.0,3352623,8623,814629.00,3258516,8381,2950077,0.9053,5111302,1.569,0.9786
9,16,0.0,8862.0,250,128,4,176603.0,12385.0,1024,25,5158.0,0,22983.0,10309.0,3357370,8746,827909.25,3311637,8627,2949784,0.8907,5110632,1.543,0.9785
9,16,0.0,8862.0,300,64,4,162263.0,20438.0,2048,25,13128.0,0,22312.0,12732.0,3361230,8470,962062.25,3848249,9697,2948983,0.7663,5109101,1.328,0.9785
9,1,0.0,1480.0,200,64,3,92072.0,1480.0,1024,18,1077.0,0,0.0,2387.0,274158,11214,154091.00,616364,25211,215287,0.3493,452874,0.7348,0.9368
9,1,0.0,1487.0,200,128,3,91738.0,1487.0,1024,25,115.0,0,0.0,1628.0,273836,12105,137373.00,549492,24290,214917,0.3911,452197,0.8229,0.9372
9,1,0.0,1480.0,250,64,3,92077.0,1480.0,2048,25,1086.0,0,0.0,2387.0,274251,10684,168371.00,673484,26238,215319,0.3197,452939,0.6725,0.9368
9,1,0.0,1483.0,250,128,4,91517.0,1483.0,1024,25,82.0,0,0.0,1547.0,275177,11263,164302.25,657209,26900,215291,0.3276,452878,0.6891,0.9373
9,1,0.0,1477.0,300,64,4,89843.0,1477.0,2048,25,1076.0,0,0.0,2385.0,275159,10543,196699.25,786797,30148,215287,0.2736,452874,0.5756,0.9368
9,2,0.0,2057.0,200,64,3,132288.0,4235.0,1024,18,3599.0,0,0.0,4655.0,454325,10176,263393.00,1053572,23597,369447,0.3507,708311,0.6723,0.9558
9,2,0.0,2065.0,200,128,3,135835.0,2552.0,1024,25,1646.0,0,0.0,3827.0,453742,10969,244282.00,977128,23621,369401,0.378,708226,0.7248,0.9562
9,2,0.0,2058.0,250,64,3,132396.0,4236.0,2048,25,3599.0,0,0.0,4659.0,454649,9754,291853.00,1167412,25046,369436,0.3165,708295,0.6067,0.9556
9,2,0.0,2061.0,250,128,4,129051.0,2860.0,1024,25,1979.0,0,0.0,3971.0,455963,10267,285359.25,1141437,25703,369432,0.3237,708277,0.6205,0.9558
9,2,0.0,2059.0,300,64,4,126684.0,4223.0,2048,25,3586.0,0,0.0,4668.0,456027,9431,329662.25,1318649,27270,369417,0.2801,708266,0.5371,0.9556
9,32,0.0,16692.0,200,64,3,203018.0,28380.0,1024,18,10051.0,0,49240.0,13938.0,6945761,8770,1048833.00,4195332,5297,6168732,1.47,10651904,2.539,0.9805
9,32,0.0,16702.0,200,128,3,209401.0,24731.0,1024,25,5515.0,0,47695.0,12062.0,6941552,8287,1011608.00,4046432,4831,6163413,1.523,10640785,2.63,0.9808
9,32,0.0,16692.0,250,64,3,201320.0,26555.0,2048,25,11992.0,0,48366.0,13546.0,6946395,8147,1169692.00,4678768,5488,6165200,1.318,10644493,2.275,0.9807
9,32,0.0,16693.0,250,128,4,196989.0,26187.0,1024,25,5363.0,0,48235.0,12260.0,6924343,8032,1116546.25,4466185,5181,6160563,1.379,10634750,2.381,0.9808
9,32,0.0,16703.0,300,64,4,192890.0,29928.0,2048,25,10471.0,0,49275.0,14092.0,6944936,7916,1295375.25,5181501,5906,6170926,1.191,10656148,2.057,0.9806
9,4,0.0,3031.0,200,64,3,128873.0,18185.0,1024,18,12231.0,0,3750.0,9528.0,836474,8440,553439.00,2213756,22336,705402,0.3186,1274649,0.5758,0.9682
9,4,0.0,3038.0,200,128,3,135850.0,7150.0,1024,25,3397.0,0,3656.0,6724.0,834028,8804,450315.00,1801260,19014,705060,0.3914,1273926,0.7072,0.9684
9,4,0.0,3035.0,250,64,3,128754.0,18791.0,2048,25,12768.0,0,3720.0,9736.0,837473,8375,624624.00,2498496,24987,705441,0.2823,1274759,0.5102,0.968
9,4,0.0,3027.0,250,128,4,130216.0,7424.0,1024,25,3649.0,0,3715.0,6934.0,835832,9290,504937.25,2019749,22449,705090,0.3491,1273958,0.6308,0.9686
9,4,0.0,3028.0,300,64,4,125288.0,18513.0,2048,25,12504.0,0,3699.0,9574.0,834985,7856,664365.25,2657461,25002,705198,0.2654,1274226,0.4795,0.9685
9,8,0.0,4974.0,200,64,3,142394.0,13662.0,1024,18,8365.0,0,10105.0,10431.0,1650708,9153,601086.00,2404344,13332,1425775,0.593,2500899,1.04,0.9744
9,8,0.0,4977.0,200,128,3,144871.0,8832.0,1024,25,3806.0,0,9911.0,8404.0,1647005,9331,570707.00,2282828,12933,1425724,0.6245,2500754,1.095,0.9747
9,8,0.0,4976.0,250,64,3,143500.0,13264.0,2048,25,7959.0,0,10251.0,10345.0,1653826,8704,640238.00,2560952,13479,1426248,0.5569,2501938,0.977,0.9744
9,8,0.0,4978.0,250,128,4,143545.0,8958.0,1024,25,3839.0,0,10119.0,8522.0,1651402,8321,625716.25,2502865,12612,1424685,0.5692,2498601,0.9983,0.9747
9,8,0.0,4972.0,300,64,4,140492.0,13198.0,2048,25,7965.0,0,10049.0,10100.0,1656341,8521,690131.25,2760525,14202,1425470,0.5164,2500357,0.9058,0.9745
9,16,0.0,8957.0,200,64,3,188807.0,15847.0,1024,18,8933.0,0,24395.0,12355.0,3659500,8938,783173.00,3132692,7651,3252746,1.038,5893522,1.881,0.9789
9,16,0.0,8954.0,200,128,3,195619.0,13036.0,1024,25,4356.0,0,24551.0,10560.0,3659815,8570,738396.00,2953584,6916,3253967,1.102,5896197,1.996,0.979
9,16,0.0,8955.0,250,64,3,186746.0,15881.0,2048,25,9083.0,0,24474.0,12259.0,3659112,8607,850492.00,3401968,8002,3253042,0.9562,5894150,1.733,0.9789
9,16,0.0,8961.0,250,128,4,175802.0,11975.0,1024,25,4522.0,0,24112.0,10339.0,3667585,8764,824567.25,3298269,7881,3252279,0.9861,5892788,1.787,0.9789
9,16,0.0,8958.0,300,64,4,180515.0,16973.0,2048,25,10051.0,0,25335.0,12553.0,3656568,7767,968906.25,3875625,8233,3251769,0.839,5891622,1.52,0.9791
9,1,0.0,1576.0,200,64,3,221868.0,1803.0,1024,18,1379.0,0,0.0,2828.0,572849,10614,251249.00,1004996,18622,514094,0.5115,1226323,1.22,0.9564
9,1,0.0,1582.0,200,128,3,223184.0,1582.0,1024,25,150.0,0,0.0,1773.0,573365,10548,229148.00,916592,16863,514109,0.5609,1226365,1.338,0.9566
9,1,0.0,1576.0,250,64,3,221875.0,1803.0,2048,25,1388.0,0,0.0,2828.0,572977,10058,268118.00,1072472,18825,514126,0.4794,1226388,1.144,0.9564
9,1,0.0,1579.0,250,128,4,220257.0,1579.0,1024,25,191.0,0,0.0,1775.0,574785,10195,284418.25,1137673,20179,514115,0.4519,1226372,1.078,0.9562
9,1,0.0,1573.0,300,64,4,218856.0,1805.0,2048,25,1387.0,0,0.0,2826.0,574400,9827,324156.25,1296625,22184,514126,0.3965,1226388,0.9458,0.9561
9,2,0.0,2154.0,200,64,3,265472.0,4479.0,1024,18,3729.0,0,0.0,5041.0,752756,9759,347374.00,1389496,18014,668370,0.481,1482090,1.067,0.9641
9,2,0.0,2162.0,200,128,3,268851.0,3080.0,1024,25,2079.0,0,0.0,4371.0,752658,10080,336171.00,1344684,18009,668307,0.497,1481951,1.102,0.9642
9,2,0.0,2155.0,250,64,3,265466.0,4472.0,2048,25,3730.0,0,0.0,5075.0,752918,9559,377778.00,1511112,19184,668305,0.4423,1481967,0.9807,0.9639
9,2,0.0,2156.0,250,128,4,255843.0,3128.0,1024,25,2161.0,0,0.0,4383.0,754869,9935,391868.25,1567473,20630,668403,0.4264,1482161,0.9456,0.9638
9,2,0.0,2154.0,300,64,4,252767.0,4476.0,2048,25,3729.0,0,0.0,5077.0,755116,9347,433999.25,1735997,21489,668322,0.385,1482002,0.8537,0.9636
9,32,0.0,16793.0,200,64,3,199489.0,26541.0,1024,18,16442.0,0,50310.0,14771.0,7235330,7863,1111877.00,4447508,4834,6467553,1.454,11427482,2.569,0.9809
9,32,0.0,16792.0,200,128,3,205658.0,27016.0,1024,25,4604.0,0,50754.0,11944.0,7231046,8292,1041165.00,4164660,4776,6469239,1.553,11431117,2.745,0.981
9,32,0.0,16792.0,250,64,3,206236.0,26411.0,2048,25,9972.0,0,50231.0,13369.0,7239448,8083,1135445.00,4541780,5071,6468584,1.424,11429628,2.517,0.9808
9,32,0.0,16792.0,250,128,4,202824.0,27181.0,1024,25,5980.0,0,51099.0,12134.0,7240606,8436,1140946.25,4563785,5317,6468507,1.417,11429388,2.504,0.9809
9,32,0.0,16790.0,300,64,4,201785.0,32857.0,2048,25,9410.0,0,51686.0,14171.0,7264384,7927,1236458.25,4945833,5397,6473255,1.309,11439444,2.313,0.9806
9,4,0.0,3129.0,200,64,3,195374.0,20057.0,1024,18,12886.0,0,4757.0,11102.0,1138354,8274,639514.00,2558056,18593,1005190,0.393,2050066,0.8014,0.9709
9,4,0.0,3134.0,200,128,3,199720.0,8549.0,1024,25,3704.0,0,4749.0,8268.0,1136803,8945,531334.00,2125336,16724,1005116,0.4729,2049967,0.9645,0.9711
9,4,0.0,3127.0,250,64,3,194466.0,19076.0,2048,25,12211.0,0,4712.0,10861.0,1134899,7938,688051.00,2752204,19251,1005021,0.3652,2049771,0.7448,0.9713
9,4,0.0,3129.0,250,128,4,194223.0,8037.0,1024,25,3162.0,0,4768.0,8112.0,1137728,8306,583323.25,2333293,17034,1005081,0.4308,2049874,0.8785,0.9712
9,4,0.0,3127.0,300,64,4,187338.0,20072.0,2048,25,13021.0,0,4667.0,11061.0,1137201,7794,761646.25,3046585,20879,1004849,0.3298,2049330,0.6727,0.9712
9,8,0.0,5070.0,200,64,3,175769.0,14103.0,1024,18,8093.0,0,11724.0,11297.0,1945734,8523,639184.00,2556736,11199,1725600,0.6749,3276763,1.282,0.9761
9,8,0.0,5071.0,200,128,3,178484.0,9858.0,1024,25,3971.0,0,11737.0,9504.0,1945296,8804,611749.00,2446996,11075,1725882,0.7053,3277416,1.339,0.9762
9,8,0.0,5077.0,250,64,3,176563.0,14381.0,2048,25,8097.0,0,11807.0,11563.0,1953792,8383,689365.00,2757460,11831,1725855,0.6259,3277261,1.189,0.9758
9,8,0.0,5072.0,250,128,4,174872.0,9402.0,1024,25,3474.0,0,11699.0,9303.0,1953137,8795,675850.25,2703401,12173,1725075,0.6381,3275747,1.212,0.9759
9,8,0.0,5069.0,300,64,4,173664.0,13366.0,2048,25,7446.0,0,11721.0,10973.0,1956624,8001,742221.25,2968885,12141,1725716,0.5813,3277014,1.104,0.9756
